Weeks,Cantidad de fallas mecanicas,Cantidad de vehiculos en operacion,Disponibilidad de la flota,Disponibilidad de talleres,Cantidad de plazas apartadas por mantenimiento,Cantidad de plazas sin asignacion de mantenimiento,Cantidad de repariones preventivas,Numero de veces que ocurre una falla mecanica,Reparacion de fallas mecanicas,Vehiculos asignados a operar,Vehiculos devueltos al deposito,Vehiculos que regresan de mantenimiento,Vehiculos que se retiran por mantenimiento
0,0.0,36.0,0.0,48.0,0.048,0.0,0.0,31.499999999999996,0.0,0.0,2.7,25.0,0.08
1,33.75,32.4,24.93,47.904,0.042,0.5249999999999999,0.546,28.349999999999998,0.488,19.195,2.43,12.54,0.07
2,61.845,50.1,19.95,48.732,0.06,0.0,1.548,43.833999999999996,1.3760000000000001,15.356000000000002,3.753,15.03,0.1
3,102.35999999999999,61.848,20.91,48.6,0.078,0.0,3.168,54.10999999999999,2.8160000000000003,16.093000000000004,4.635000000000001,14.55,0.13
4,147.14999999999998,73.224,20.69,48.443999999999996,0.09,0.0,5.388,64.064,4.792000000000001,15.928000000000003,5.49,14.66,0.15
5,193.35000000000002,83.28,20.71,48.263999999999996,0.10200000000000001,0.0,8.052,72.86999999999999,7.16,15.950000000000001,6.246,14.65,0.17
6,237.87,92.34,20.68,48.059999999999995,0.11399999999999999,0.0,10.985999999999999,80.80799999999999,9.76,15.928000000000003,6.930000000000001,14.66,0.19
7,278.685,100.48799999999999,20.67,47.832,0.126,1.008,14.004,87.91999999999999,12.448,15.917000000000002,7.5329999999999995,14.66,0.21
8,314.54999999999995,107.79599999999999,20.66,49.308,0.132,0.0,16.956,94.332,15.072000000000001,15.906000000000002,8.082,14.67,0.22
9,344.96999999999997,114.372,20.64,49.032,0.144,0.0,19.728,100.072,17.536,15.895000000000001,8.577,14.68,0.24
10,369.99,120.276,20.63,48.74399999999999,0.15,0.0,22.247999999999998,105.238,19.776,15.884,9.018,14.68,0.25
11,390.04499999999996,125.58,20.62,48.443999999999996,0.156,0.0,24.492,109.88599999999998,21.768,15.884,9.423,14.69,0.26
12,405.735,130.344,20.61,48.132,0.162,0.0,26.442,114.05799999999999,23.504,15.873000000000001,9.774,14.69,0.27
13,417.75,134.628,20.61,47.808,0.168,1.113,28.121999999999996,117.79599999999999,24.992,15.862000000000002,10.098,14.7,0.28
14,426.79499999999996,138.468,20.6,49.379999999999995,0.174,0.0,29.549999999999997,121.16999999999999,26.264,15.862000000000002,10.386,14.7,0.29
15,433.485,141.92399999999998,20.59,49.032,0.18,0.0,30.762,124.17999999999999,27.344,15.851,10.647,14.7,0.3
16,438.375,145.03199999999998,20.59,48.672000000000004,0.18,0.0,31.787999999999997,126.91,28.256,15.851,10.881,14.71,0.3
17,441.885,147.816,20.58,48.312,0.186,0.0,32.658,129.346,29.032,15.851,11.088000000000001,14.71,0.31
18,444.39,150.32399999999998,20.58,47.940000000000005,0.186,0.322,33.402,131.53,29.688000000000002,15.840000000000002,11.277,14.71,0.31
19,446.145,152.58,20.57,48.12,0.192,0.0,34.038,133.504,30.256,15.840000000000002,11.439000000000002,14.71,0.32
20,447.375,154.596,20.57,47.736,0.192,1.533,34.583999999999996,135.28199999999998,30.736000000000004,15.840000000000002,11.592,14.72,0.32
21,448.21500000000003,156.42,20.56,49.98,0.198,0.0,35.052,136.864,31.160000000000004,15.840000000000002,11.727,14.72,0.33
22,448.79999999999995,158.052,20.56,49.583999999999996,0.198,0.0,35.466,138.292,31.528,15.829000000000002,11.853,14.72,0.33
23,449.18999999999994,159.516,20.56,49.188,0.198,0.0,35.826,139.57999999999998,31.848000000000003,15.829000000000002,11.961,14.72,0.33
24,449.46,160.83599999999998,20.56,48.791999999999994,0.20400000000000001,0.0,36.144,140.72799999999998,32.128,15.829000000000002,12.06,14.72,0.34
25,449.64,162.01199999999997,20.55,48.384,0.20400000000000001,0.0,36.426,141.764,32.376,15.829000000000002,12.15,14.72,0.34
26,449.76,163.08,20.55,47.988,0.20400000000000001,0.105,36.672,142.702,32.6,15.829000000000002,12.231,14.72,0.34
27,449.84999999999997,164.04,20.55,47.748,0.20400000000000001,1.456,36.894,143.528,32.792,15.818000000000001,12.303,14.73,0.34
28,449.895,164.892,20.55,49.836,0.20400000000000001,0.0,37.092,144.284,32.968,15.818000000000001,12.366,14.73,0.34
29,449.92499999999995,165.66,20.55,49.428,0.21,0.0,37.272,144.956,33.128,15.818000000000001,12.429,14.73,0.35
30,449.95500000000004,166.356,20.55,49.02,0.21,0.0,37.428,145.558,33.272000000000006,15.818000000000001,12.474,14.73,0.35
31,449.97,166.98,20.54,48.6,0.21,0.0,37.565999999999995,146.10399999999998,33.392,15.818000000000001,12.528,14.73,0.35
32,449.985,167.544,20.54,48.18,0.21,0.0,37.692,146.594,33.504000000000005,15.818000000000001,12.564000000000002,14.73,0.35
33,449.985,168.04799999999997,20.54,47.76,0.21,1.386,37.806,147.042,33.608,15.818000000000001,12.6,14.73,0.35
34,449.985,168.492,20.54,49.727999999999994,0.21,0.0,37.908,147.434,33.696,15.818000000000001,12.636,14.73,0.35
35,450.0,168.9,20.54,49.296,0.21,0.0,38.004,147.784,33.776,15.818000000000001,12.663,14.73,0.35
36,450.0,169.26000000000002,20.54,48.876,0.21,0.0,38.082,148.106,33.856,15.818000000000001,12.699,14.73,0.35
37,450.0,169.596,20.54,48.456,0.21,0.0,38.16,148.386,33.92,15.818000000000001,12.717,14.73,0.35
38,450.0,169.884,20.54,48.036,0.21,0.0,38.226,148.652,33.976,15.818000000000001,12.744,14.73,0.35
39,450.0,170.148,20.54,47.604,0.21,2.2889999999999997,38.286,148.876,34.032000000000004,15.818000000000001,12.762,14.73,0.35
40,450.0,170.388,20.54,51.108000000000004,0.21,0.0,38.333999999999996,149.08599999999998,34.080000000000005,15.818000000000001,12.78,14.73,0.35
41,450.0,170.60399999999998,20.54,50.675999999999995,0.216,0.0,38.382,149.268,34.12,15.818000000000001,12.798,14.73,0.36
42,450.0,170.79600000000002,20.54,50.256,0.216,0.0,38.43,149.43599999999998,34.160000000000004,15.818000000000001,12.807,14.73,0.36
43,450.0,170.964,20.54,49.824000000000005,0.216,0.0,38.466,149.58999999999997,34.192,15.818000000000001,12.825000000000001,14.73,0.36
44,450.0,171.11999999999998,20.54,49.404,0.216,0.0,38.502,149.73,34.224000000000004,15.818000000000001,12.834,14.73,0.36
45,450.0,171.252,20.54,48.972,0.216,0.0,38.532,149.856,34.248000000000005,15.818000000000001,12.843,14.73,0.36
46,450.0,171.384,20.54,48.54,0.216,0.0,38.562,149.95399999999998,34.28,15.818000000000001,12.852,14.73,0.36
47,450.0,171.492,20.54,48.12,0.216,0.0,38.586,150.052,34.296,15.818000000000001,12.860999999999999,14.73,0.36
48,450.0,171.588,20.54,47.688,0.216,1.8269999999999997,38.60999999999999,150.14999999999998,34.32,15.807,12.870000000000001,14.73,0.36
49,450.0,171.684,20.54,50.388,0.216,0.0,38.62799999999999,150.22,34.336000000000006,15.807,12.879000000000001,14.73,0.36
50,450.0,171.76799999999997,20.54,49.956,0.216,0.0,38.645999999999994,150.29,34.352,15.807,12.879000000000001,14.73,0.36
51,450.0,171.83999999999997,20.54,49.536,0.216,0.0,38.663999999999994,150.35999999999999,34.368,15.807,12.888,14.73,0.36
52,450.0,171.9,20.53,49.104,0.216,0.0,38.675999999999995,150.416,34.384,15.807,12.897,14.73,0.36
53,450.0,171.96,20.53,48.672000000000004,0.216,0.0,38.693999999999996,150.472,34.392,15.807,12.897,14.73,0.36
54,450.0,172.01999999999998,20.53,48.24,0.216,0.0,38.706,150.514,34.4,15.807,12.897,14.73,0.36
55,450.0,172.06799999999998,20.53,47.808,0.216,1.099,38.711999999999996,150.556,34.416000000000004,15.807,12.906,14.73,0.36
56,450.0,172.10399999999998,20.53,49.26,0.216,0.0,38.724000000000004,150.59799999999998,34.424,15.807,12.906,14.73,0.36
57,450.0,172.14,20.53,48.827999999999996,0.216,0.0,38.73,150.626,34.432,15.807,12.915,14.73,0.36
58,450.0,172.176,20.53,48.408,0.216,0.0,38.742,150.654,34.432,15.807,12.915,14.73,0.36
59,450.0,172.212,20.53,47.97599999999999,0.216,0.161,38.748,150.682,34.44,15.807,12.915,14.73,0.36
60,450.0,172.236,20.53,47.82,0.216,1.0779999999999998,38.754,150.71,34.448,15.807,12.915,14.73,0.36
61,450.0,172.26000000000002,20.53,49.236,0.216,0.0,38.76,150.724,34.456,15.807,12.924,14.73,0.36
62,450.0,172.284,20.53,48.804,0.216,0.0,38.766,150.752,34.456,15.807,12.924,14.73,0.36
63,450.0,172.308,20.53,48.372,0.216,0.0,38.766,150.766,34.464,15.807,12.924,14.73,0.36
64,450.0,172.32,20.53,47.940000000000005,0.216,0.322,38.772,150.78,34.464,15.807,12.924,14.73,0.36
65,450.0,172.344,20.53,48.059999999999995,0.216,0.0,38.778,150.79399999999998,34.472,15.807,12.924,14.73,0.36
66,450.0,172.356,20.53,47.62799999999999,0.216,2.1489999999999996,38.778,150.808,34.472,15.807,12.924,14.73,0.36
67,450.0,172.36799999999997,20.53,50.879999999999995,0.216,0.0,38.784,150.822,34.472,15.807,12.924,14.73,0.36
68,450.0,172.38,20.53,50.459999999999994,0.216,0.0,38.784,150.83599999999998,34.480000000000004,15.807,12.933,14.73,0.36
69,450.0,172.392,20.53,50.028,0.216,0.0,38.79,150.83599999999998,34.480000000000004,15.807,12.933,14.73,0.36
70,450.0,172.40399999999997,20.53,49.596,0.216,0.0,38.79,150.85,34.480000000000004,15.807,12.933,14.73,0.36
71,450.0,172.40399999999997,20.53,49.163999999999994,0.216,0.0,38.79,150.864,34.480000000000004,15.807,12.933,14.73,0.36
72,450.0,172.416,20.53,48.732,0.216,0.0,38.796,150.864,34.480000000000004,15.807,12.933,14.73,0.36
73,450.0,172.428,20.53,48.3,0.216,0.0,38.796,150.864,34.488,15.807,12.933,14.73,0.36
74,450.0,172.428,20.53,47.868,0.216,0.77,38.796,150.878,34.488,15.807,12.933,14.73,0.36
75,450.0,172.43999999999997,20.53,48.756,0.216,0.0,38.796,150.878,34.488,15.807,12.933,14.73,0.36
76,450.0,172.43999999999997,20.53,48.324000000000005,0.216,0.0,38.802,150.892,34.488,15.807,12.933,14.73,0.36
77,450.0,172.43999999999997,20.53,47.891999999999996,0.216,0.616,38.802,150.892,34.488,15.807,12.933,14.73,0.36
78,450.0,172.452,20.53,48.516,0.216,0.0,38.802,150.892,34.488,15.807,12.933,14.73,0.36
79,450.0,172.452,20.53,48.083999999999996,0.216,0.0,38.802,150.892,34.488,15.807,12.933,14.73,0.36
80,450.0,172.452,20.53,47.652,0.216,2.009,38.802,150.892,34.488,15.807,12.933,14.73,0.36
81,450.0,172.464,20.53,50.663999999999994,0.216,0.0,38.802,150.906,34.488,15.807,12.933,14.73,0.36
82,450.0,172.464,20.53,50.232,0.216,0.0,38.802,150.906,34.496,15.807,12.933,14.73,0.36
83,450.0,172.464,20.53,49.812,0.216,0.0,38.802,150.906,34.496,15.807,12.933,14.73,0.36
84,450.0,172.464,20.53,49.379999999999995,0.216,0.0,38.802,150.906,34.496,15.807,12.933,14.73,0.36
85,450.0,172.464,20.53,48.948,0.216,0.0,38.808,150.906,34.496,15.807,12.933,14.73,0.36
86,450.0,172.464,20.53,48.516,0.216,0.0,38.808,150.906,34.496,15.807,12.933,14.73,0.36
87,450.0,172.47599999999997,20.53,48.083999999999996,0.216,0.0,38.808,150.906,34.496,15.807,12.933,14.73,0.36
88,450.0,172.47599999999997,20.53,47.652,0.216,2.037,38.808,150.92,34.496,15.807,12.933,14.73,0.36
89,450.0,172.47599999999997,20.53,50.711999999999996,0.216,0.0,38.808,150.92,34.496,15.807,12.933,14.73,0.36
90,450.0,172.47599999999997,20.53,50.279999999999994,0.216,0.0,38.808,150.92,34.496,15.807,12.933,14.73,0.36
91,450.0,172.47599999999997,20.53,49.848,0.216,0.0,38.808,150.92,34.496,15.807,12.933,14.73,0.36
92,450.0,172.47599999999997,20.53,49.416,0.216,0.0,38.808,150.92,34.496,15.807,12.933,14.73,0.36
93,450.0,172.47599999999997,20.53,48.995999999999995,0.216,0.0,38.808,150.92,34.496,15.807,12.933,14.73,0.36
94,450.0,172.47599999999997,20.53,48.564,0.216,0.0,38.808,150.92,34.496,15.807,12.933,14.73,0.36
95,450.0,172.47599999999997,20.53,48.132,0.216,0.0,38.808,150.92,34.496,15.807,12.933,14.73,0.36
96,450.0,172.47599999999997,20.53,47.699999999999996,0.216,1.7709999999999997,38.808,150.92,34.496,15.807,12.933,14.73,0.36
97,450.0,172.47599999999997,20.53,50.304,0.216,0.0,38.808,150.92,34.496,15.807,12.933,14.73,0.36
98,450.0,172.47599999999997,20.53,49.872,0.216,0.0,38.808,150.92,34.496,15.807,12.933,14.73,0.36
99,450.0,172.47599999999997,20.53,49.440000000000005,0.216,0.0,38.808,150.92,34.496,15.807,12.933,14.73,0.36
